Customer ID,Name,Gender,Age,Location,Signup Date,Last Purchase Date,Subscription Plan,Loyalty Score
CUST0001,Daniel Cantu,Male,65,South Williamfort,2024-06-27,2024-11-18,Standard,3.2
CUST0002,Carol Fisher,Male,61,New Tonyberg,2023-08-07,2024-01-26,Premium,9.03
CUST0003,Michelle Byrd,Female,20,Port James,2025-02-21,2025-06-20,Basic,1.84
CUST0004,Pedro Daniels,Male,53,North Johnview,2024-08-13,2025-05-08,Basic,7.44
CUST0005,Mr. Douglas Wiggins,Female,32,South Carlos,2025-01-07,2026-08-18,Standard,6.3
CUST0006,Joy Wright,Male,62,Port Larryfurt,2024-12-15,2025-01-20,Standard,4.06
CUST0007,Erin Stuart,Male,39,Lake Richard,2023-08-09,2024-02-14,Basic,1.83
CUST0008,Michael Hall,Female,40,Port Tara,2024-06-17,2024-10-24,Premium,3.38
CUST0009,Danielle Horton,Female,52,New Susanmouth,2024-09-06,2024-11-19,Basic,9.76
CUST0010,Susan Goodman,Male,53,Markberg,2024-12-08,2026-01-29,Standard,8.46
CUST0011,Richard Adams,Male,63,Brownville,2025-07-06,2026-08-10,Basic,1.41
CUST0012,Daniel Krueger,Female,23,South Andrewview,2024-04-26,2025-01-14,Basic,8.8
CUST0013,Christopher Miller,Female,47,South Lindachester,2025-06-18,2026-08-11,Premium,8.51
CUST0014,Michael Johnson,Female,40,South Mariah,2025-05-30,2025-12-12,Basic,7.03
CUST0015,Scott Harvey,Male,52,Cunninghamview,2023-12-14,2024-03-26,Premium,3.2
CUST0016,Heather Butler,Female,35,Leeborough,2025-05-07,2026-09-22,Premium,7.19
CUST0017,Angel Roberts,Female,21,West Jordanport,2023-10-31,2024-07-11,Basic,8.4
CUST0018,Brian Schmitt,Female,35,East Shannonfort,2023-10-02,2024-09-19,Basic,2.9
CUST0019,Michelle York,Male,59,Baxterside,2024-03-02,2025-02-17,Standard,4.56
CUST0020,Michelle Rowe,Male,34,New Jamesview,2025-03-08,2026-07-20,Basic,3.22
CUST0021,Donald Jackson,Female,65,Aprilview,2023-09-26,2025-04-29,Premium,4.86
CUST0022,Kenneth Parks,Female,32,Dawsontown,2025-03-17,2026-05-29,Basic,5.59
CUST0023,Jean Barber,Male,25,Hernandezfurt,2024-05-10,2024-09-10,Basic,6.65
CUST0024,Dustin Ramirez,Male,42,South Cynthia,2024-09-10,2025-12-16,Standard,6.36
CUST0025,Kristen Weber,Female,53,Vickieport,2024-09-01,2026-01-23,Basic,7.12
CUST0026,Mary Pitts,Female,59,East Michaelland,2024-09-10,2025-02-04,Standard,2.0
CUST0027,Michele Long,Male,47,Lake Keithburgh,2025-04-21,2026-08-09,Basic,9.58
CUST0028,Patricia Keller,Male,50,Arnoldchester,2024-05-09,2025-03-04,Basic,8.83
CUST0029,Ashley Gonzalez,Male,27,Vickiechester,2024-02-26,2025-01-26,Standard,7.86
CUST0030,Eric Levine,Male,56,Ashleymouth,2025-03-28,2026-10-31,Standard,5.4
CUST0031,Jordan Guzman,Female,37,East Kimberlyport,2025-07-14,2025-12-05,Basic,1.52
CUST0032,Roger Smith,Male,64,South Justinberg,2024-12-31,2025-04-20,Standard,8.34
CUST0033,Joshua Sexton,Male,26,Port Kathleenshire,2024-07-10,2026-02-05,Premium,5.28
CUST0034,Eric Moore,Male,34,Gordonville,2025-07-06,2027-02-18,Premium,8.85
CUST0035,Benjamin Foster,Male,52,Oliviaburgh,2024-04-11,2025-07-18,Premium,7.21
CUST0036,Christopher Pittman,Female,60,Grahamville,2025-02-23,2026-02-07,Premium,4.36
CUST0037,Travis Young,Female,25,Gabrielport,2025-05-12,2026-11-22,Basic,3.02
CUST0038,Diane Baker,Male,55,Paulview,2023-12-12,2024-12-22,Premium,3.07
CUST0039,Randy Mason,Male,22,New Michelle,2023-12-08,2024-08-19,Premium,6.68
CUST0040,Alfred Smith,Male,20,New Jasminehaven,2024-03-28,2024-12-17,Standard,1.64
CUST0041,Mary Henry,Female,60,East Timothybury,2023-12-25,2024-09-23,Standard,2.93
CUST0042,Jodi Wheeler,Female,33,Candacehaven,2024-06-28,2024-12-10,Standard,8.27
CUST0043,Steven Martin,Male,24,South April,2025-06-10,2026-01-20,Premium,4.88
CUST0044,Jamie Stanley,Female,47,Port Tracyport,2025-03-30,2026-07-06,Premium,1.49
CUST0045,David Giles,Male,43,Warrenberg,2024-08-02,2024-12-10,Premium,4.05
CUST0046,Ryan Jenkins,Male,30,Richardland,2024-01-19,2024-06-08,Basic,5.83
CUST0047,Kenneth Scott PhD,Female,29,North Kristopher,2024-11-25,2025-05-17,Standard,5.16
CUST0048,Robert Jordan,Female,53,New Jonathan,2024-06-07,2024-09-22,Basic,1.46
CUST0049,Amy Collins,Male,23,Thompsonland,2024-05-07,2025-12-11,Basic,2.5
CUST0050,Jill Robinson,Female,31,East Joseph,2024-03-12,2025-08-21,Standard,9.12
CUST0051,Maria Patel,Female,18,West Roger,2024-08-12,2025-02-26,Standard,3.39
CUST0052,David Young,Female,45,West Nancy,2023-08-21,2024-12-28,Premium,9.62
CUST0053,Erika Taylor,Female,27,Michelleton,2025-02-26,2026-10-18,Basic,3.67
CUST0054,Michelle Sanchez,Male,65,North Sethchester,2025-04-19,2025-07-17,Standard,1.51
CUST0055,Matthew Mitchell,Male,21,Florestown,2024-11-21,2026-04-23,Premium,1.72
CUST0056,Stephanie Lee,Male,56,Jasonborough,2024-08-11,2025-03-19,Basic,7.08
CUST0057,Jodi Flynn,Female,25,North Elizabeth,2025-05-01,2026-01-26,Premium,3.22
CUST0058,Jennifer Green,Male,44,Bishophaven,2024-09-09,2024-11-18,Premium,6.25
CUST0059,David Harris,Female,34,Reynoldsmouth,2024-02-01,2025-08-19,Basic,7.03
CUST0060,Linda Rodriguez,Male,34,West Brianna,2023-09-09,2024-08-25,Standard,2.18
CUST0061,Keith Savage,Female,38,Benjaminhaven,2024-06-02,2025-05-05,Basic,1.08
CUST0062,Matthew Daugherty,Male,52,Smallside,2024-03-08,2024-07-18,Basic,5.55
CUST0063,Amy Bryant,Female,22,Port Katie,2024-05-09,2024-10-21,Basic,4.33
CUST0064,Alison Hamilton,Female,52,East Cameronstad,2025-04-13,2025-10-21,Premium,3.72
CUST0065,Sherri Clark,Male,60,Barryfurt,2024-02-06,2025-08-30,Premium,3.69
CUST0066,Ryan Smith,Male,34,Sullivanborough,2024-08-25,2025-01-08,Basic,9.01
CUST0067,Suzanne Johns,Male,35,Rogersborough,2025-07-21,2027-03-09,Standard,6.44
CUST0068,Sarah Malone,Male,61,Stevenmouth,2024-02-25,2025-03-12,Premium,8.68
CUST0069,Kayla Rogers,Female,34,Sweeneyburgh,2025-03-01,2026-08-30,Basic,1.83
CUST0070,Shelly Moore,Female,20,Doyleland,2024-05-30,2025-09-05,Basic,4.0
CUST0071,Amber Barrett,Female,28,Lake Thomasview,2024-11-18,2025-04-30,Premium,4.98
CUST0072,Mr. Frederick Crawford II,Male,25,Lake Jasonmouth,2024-03-01,2025-06-11,Basic,9.51
CUST0073,Alan Figueroa,Male,41,Freemantown,2024-04-10,2024-10-09,Premium,5.97
CUST0074,Michele Cole,Male,20,Paulhaven,2023-09-25,2025-01-07,Standard,4.28
CUST0075,Justin Pruitt,Female,31,South Richardview,2023-09-29,2023-12-08,Premium,3.25
CUST0076,Kyle Perkins,Female,53,Davidfurt,2025-02-09,2025-06-24,Standard,9.76
CUST0077,William Sullivan,Male,28,Kristinaview,2023-11-27,2024-06-02,Basic,8.93
CUST0078,Patrick Snyder,Male,65,Robertsfort,2023-10-03,2023-11-27,Standard,8.04
CUST0079,Robin Andrews,Male,35,Kristinaborough,2024-03-01,2025-05-26,Basic,8.09
CUST0080,Rebecca Marquez,Female,20,Port Matthewmouth,2025-04-08,2025-08-26,Standard,3.0
CUST0081,Jesse Liu,Female,37,Allisonview,2025-07-18,2026-12-01,Basic,3.01
CUST0082,Connie Diaz,Female,39,North Jon,2024-07-13,2025-02-25,Standard,8.78
CUST0083,Anna Richardson,Female,59,Heatherview,2024-02-18,2024-12-29,Premium,4.6
CUST0084,Catherine Miller,Female,19,North Michael,2025-01-26,2026-08-28,Basic,8.89
CUST0085,Veronica Smith,Male,55,Lake Julie,2024-11-20,2025-09-13,Standard,1.34
CUST0086,Lawrence Wong,Female,64,North Gabrielle,2024-03-12,2025-06-29,Standard,4.93
CUST0087,Michael Johnson,Male,42,Katherineborough,2024-11-07,2026-05-14,Premium,2.71
CUST0088,Linda Hart,Female,18,Kimberlyshire,2025-05-13,2025-07-27,Premium,9.33
CUST0089,Tara Lawson,Male,41,Colemanville,2025-05-09,2026-12-11,Standard,1.63
CUST0090,Annette Skinner,Female,60,North Joshuabury,2024-07-19,2025-07-22,Basic,7.48
CUST0091,Daniel Moore,Female,60,Lake Anna,2024-04-22,2025-03-25,Standard,3.94
CUST0092,Nicole Berry,Male,30,Lisamouth,2025-03-25,2026-02-20,Standard,6.98
CUST0093,Victoria Nguyen,Male,57,Garciashire,2024-05-02,2025-06-24,Premium,3.71
CUST0094,Alexis Wilson,Male,37,Lake Chloe,2024-02-03,2025-09-16,Standard,2.89
CUST0095,Stephen Johnson,Female,46,Gonzalezburgh,2024-01-04,2024-12-28,Standard,7.08
CUST0096,Amber Wallace,Female,65,Kyleburgh,2024-10-31,2026-05-07,Basic,6.93
CUST0097,Carol Hunter,Female,23,North Daniel,2025-05-26,2026-04-11,Basic,7.06
CUST0098,Brandon Fernandez,Male,27,Lake Ebonyburgh,2024-08-01,2025-04-18,Basic,1.42
CUST0099,Mr. Juan Osborne,Male,47,Lynnland,2025-07-20,2026-12-18,Standard,8.98
CUST0100,Laura Fuller,Female,49,Hancockchester,2023-11-16,2024-07-02,Standard,3.2
CUST0101,Julian Hodges,Male,45,Morganview,2023-09-13,2023-10-18,Basic,2.58
CUST0102,James Alexander,Female,21,Amandafort,2025-01-05,2026-07-19,Premium,3.24
CUST0103,Brett Lopez,Female,26,Danielport,2023-12-02,2024-05-04,Standard,7.01
CUST0104,Megan Rodriguez,Female,57,Soniaport,2024-02-11,2025-01-30,Premium,9.03
CUST0105,Kelli Ford,Female,28,Port Deborahfurt,2024-08-26,2025-12-05,Premium,8.75
CUST0106,Michael Perez,Female,33,East Tiffanyborough,2024-03-26,2025-07-29,Premium,3.5
CUST0107,Linda Johnson,Female,58,Leeville,2024-07-24,2026-02-07,Basic,3.47
CUST0108,Diana Garcia,Female,33,Davisville,2025-07-24,2025-11-10,Standard,4.02
CUST0109,Angel Robles,Male,26,New Jonathanborough,2025-03-12,2026-10-16,Basic,3.08
CUST0110,Carol Byrd,Male,22,Hernandezchester,2023-08-31,2024-03-04,Standard,4.67
CUST0111,Jessica Garcia,Female,44,South Julieton,2024-11-02,2026-06-10,Basic,2.86
CUST0112,Brian Becker,Female,55,Smithtown,2025-05-14,2026-08-17,Premium,1.18
CUST0113,Walter Reyes,Female,18,South Matthew,2024-01-23,2025-03-17,Standard,3.69
CUST0114,Timothy Forbes,Female,52,Tashaton,2024-11-04,2026-01-07,Premium,7.61
CUST0115,Zachary King,Female,32,East Tracytown,2025-06-11,2026-02-21,Standard,4.92
CUST0116,Joshua Parsons,Female,39,Westmouth,2024-06-19,2024-08-17,Premium,7.11
CUST0117,Jeffrey Smith,Male,47,Lake Kathleen,2025-03-01,2026-05-19,Basic,9.83
CUST0118,David Fitzgerald,Male,43,West Aprilmouth,2023-08-11,2025-03-09,Premium,6.08
CUST0119,Matthew Williams,Male,59,Jasonfort,2024-03-19,2024-05-15,Standard,2.22
CUST0120,Ashley Sanchez,Male,21,North Dominicshire,2025-02-27,2026-07-14,Standard,4.41
CUST0121,Beth Ortiz,Female,38,Moralesland,2025-07-22,2026-03-25,Standard,7.85
CUST0122,Doris Perry,Female,44,Bowmanmouth,2023-09-08,2024-10-30,Standard,8.51
CUST0123,Danielle Daniels,Male,65,North Shawn,2024-01-19,2025-06-13,Premium,1.47
CUST0124,Brandon Banks,Male,59,Port Georgechester,2023-09-07,2024-09-29,Basic,8.03
CUST0125,Kimberly Schmidt,Male,33,East Mikeville,2025-07-06,2025-09-15,Basic,8.55
CUST0126,Kelly Morales,Male,26,North Matthewchester,2024-07-09,2025-01-11,Standard,7.03
CUST0127,Donna Davis,Female,62,East Stephanie,2024-05-05,2025-01-13,Standard,7.9
CUST0128,Karen Browning,Male,28,Fieldston,2024-08-09,2025-02-26,Standard,1.97
CUST0129,Crystal Nguyen,Female,54,Bellberg,2023-10-20,2023-12-15,Premium,9.17
CUST0130,Andre Winters,Female,63,Johnsonfurt,2025-02-19,2026-04-09,Basic,1.68
CUST0131,John Porter,Male,62,Hallview,2024-04-12,2025-01-15,Standard,8.65
CUST0132,James Evans,Male,40,Maryside,2023-09-15,2024-02-15,Premium,4.86
CUST0133,Brian Cooley,Male,50,Amandaton,2025-01-17,2026-03-02,Premium,4.07
CUST0134,Andrew Walter,Female,24,Staffordfurt,2024-01-25,2025-04-29,Standard,9.65
CUST0135,Meghan Blevins,Male,45,North Tamara,2024-08-02,2025-12-15,Basic,7.6
CUST0136,Ashley Shepard,Female,47,Manningmouth,2024-07-14,2025-05-16,Standard,8.43
CUST0137,Michael Pruitt,Female,33,Josephberg,2024-03-13,2025-01-11,Basic,3.51
CUST0138,Annette Griffin,Male,47,Jeffreymouth,2024-08-22,2025-12-26,Premium,6.49
CUST0139,Carlos Mooney,Female,19,Lake Melissatown,2023-09-02,2024-10-24,Standard,8.66
CUST0140,Kristy Moore,Female,31,South Thomas,2024-03-07,2024-10-09,Standard,8.18
CUST0141,Steven Perry,Female,56,East Dana,2023-10-02,2024-10-14,Premium,8.92
CUST0142,Stacy Miller,Male,51,New Michelle,2024-09-29,2026-05-21,Basic,1.77
CUST0143,Elizabeth Yang,Female,53,New Stacy,2023-09-19,2024-12-08,Basic,7.22
CUST0144,Kathleen Scott,Female,19,North Larryland,2024-11-15,2026-05-01,Basic,3.65
CUST0145,Jeanette Ingram,Male,37,West Ericside,2024-09-05,2025-11-23,Premium,6.23
CUST0146,Amber Price,Female,45,West Kimberly,2025-01-10,2026-06-08,Premium,5.95
CUST0147,Manuel Guzman,Female,35,Rebeccastad,2023-12-15,2025-01-08,Standard,3.26
CUST0148,Wendy Lee,Male,38,East Sandraville,2025-03-10,2025-08-10,Basic,7.69
CUST0149,Mrs. Lori Anderson,Male,31,South James,2025-07-15,2026-02-19,Premium,5.36
CUST0150,Nancy Frank,Female,24,Graytown,2023-10-06,2025-04-25,Basic,3.67
