Order ID,Customer ID,Product,Category,Quantity,Unit Price,Total,Order Date,Sales Rep
ORD5000,CUST0001,Notebook,Lifestyle,4,164.12,656.48,2025-07-31,Angela Davis
ORD5001,CUST0121,Notebook,Lifestyle,3,164.12,492.36,2025-07-31,Rachel Garcia
ORD5002,CUST0060,Notebook,Lifestyle,3,164.12,492.36,2025-07-31,Gwendolyn Mcdonald
ORD5003,CUST0117,Notebook,Lifestyle,1,164.12,164.12,2025-07-31,Joan Wilson
ORD5004,CUST0068,Wireless Charger,Tech,5,57.97,289.85,2025-07-31,Joan Wilson
ORD5005,CUST0109,Backpack,Lifestyle,1,57.16,57.16,2025-07-31,Sarah Williams
ORD5006,CUST0058,VR Headset,Tech,2,22.42,44.84,2025-07-31,Gwendolyn Mcdonald
ORD5007,CUST0037,VR Headset,Tech,1,22.42,22.42,2025-07-31,Rachel Garcia
ORD5008,CUST0043,Protein Powder,Wellness,3,20.36,61.08,2025-07-31,Angela Petersen
ORD5009,CUST0146,Water Bottle,Lifestyle,3,129.59,388.77,2025-07-31,Angela Davis
ORD5010,CUST0032,Backpack,Lifestyle,4,57.16,228.64,2025-07-31,Gwendolyn Mcdonald
ORD5011,CUST0104,Notebook,Lifestyle,3,164.12,492.36,2025-07-31,Sarah Williams
ORD5012,CUST0139,Wireless Charger,Tech,4,57.97,231.88,2025-07-31,Angela Davis
ORD5013,CUST0021,Vitamins,Wellness,5,111.49,557.45,2025-07-31,Rachel Garcia
ORD5014,CUST0111,Smart Watch,Tech,3,93.69,281.07,2025-07-31,Angela Petersen
ORD5015,CUST0065,Bluetooth Speaker,Tech,1,12.33,12.33,2025-07-31,Cody Jones
ORD5016,CUST0059,Wireless Charger,Tech,5,57.97,289.85,2025-07-31,Angela Petersen
ORD5017,CUST0006,Massage Gun,Wellness,3,33.99,101.97,2025-07-31,Angela Petersen
ORD5018,CUST0011,Sunglasses,Lifestyle,2,160.24,320.48,2025-07-31,Angela Davis
ORD5019,CUST0133,Vitamins,Wellness,4,111.49,445.96,2025-07-31,Gwendolyn Mcdonald
ORD5020,CUST0047,Notebook,Lifestyle,5,164.12,820.6,2025-07-31,Kelsey Ortiz
ORD5021,CUST0126,Wireless Charger,Tech,1,57.97,57.97,2025-07-31,Angela Davis
ORD5022,CUST0090,Notebook,Lifestyle,4,164.12,656.48,2025-07-31,Nichole Haney
ORD5023,CUST0083,Vitamins,Wellness,1,111.49,111.49,2025-07-31,Nathaniel Park
ORD5024,CUST0085,Wireless Charger,Tech,4,57.97,231.88,2025-07-31,Angela Davis
ORD5025,CUST0074,Sunglasses,Lifestyle,4,160.24,640.96,2025-07-31,Sarah Williams
ORD5026,CUST0010,Backpack,Lifestyle,4,57.16,228.64,2025-07-31,Cody Jones
ORD5027,CUST0081,Water Bottle,Lifestyle,3,129.59,388.77,2025-07-31,Nichole Haney
ORD5028,CUST0030,Bluetooth Speaker,Tech,4,12.33,49.32,2025-07-31,Sarah Williams
ORD5029,CUST0001,Water Bottle,Lifestyle,5,129.59,647.95,2025-07-31,Angela Davis
ORD5030,CUST0106,VR Headset,Tech,1,22.42,22.42,2025-07-31,Joan Wilson
ORD5031,CUST0133,Massage Gun,Wellness,3,33.99,101.97,2025-07-31,Angela Petersen
ORD5032,CUST0128,Backpack,Lifestyle,4,57.16,228.64,2025-07-31,Rachel Garcia
ORD5033,CUST0053,VR Headset,Tech,3,22.42,67.26,2025-07-31,Sarah Williams
ORD5034,CUST0034,Water Bottle,Lifestyle,3,129.59,388.77,2025-07-31,Angela Davis
ORD5035,CUST0125,VR Headset,Tech,1,22.42,22.42,2025-07-31,Rachel Garcia
ORD5036,CUST0062,Massage Gun,Wellness,2,33.99,67.98,2025-07-31,Gwendolyn Mcdonald
ORD5037,CUST0142,Notebook,Lifestyle,1,164.12,164.12,2025-07-31,Sarah Williams
ORD5038,CUST0105,Wireless Charger,Tech,1,57.97,57.97,2025-07-31,Joan Wilson
ORD5039,CUST0030,VR Headset,Tech,4,22.42,89.68,2025-07-31,Cody Jones
ORD5040,CUST0040,Massage Gun,Wellness,4,33.99,135.96,2025-07-31,Gwendolyn Mcdonald
ORD5041,CUST0131,Sunglasses,Lifestyle,3,160.24,480.72,2025-07-31,Kelsey Ortiz
ORD5042,CUST0124,Protein Powder,Wellness,4,20.36,81.44,2025-07-31,Joan Wilson
ORD5043,CUST0117,Massage Gun,Wellness,5,33.99,169.95,2025-07-31,Nathaniel Park
ORD5044,CUST0099,Protein Powder,Wellness,2,20.36,40.72,2025-07-31,Angela Petersen
ORD5045,CUST0131,Massage Gun,Wellness,2,33.99,67.98,2025-07-31,Cody Jones
ORD5046,CUST0071,Yoga Mat,Wellness,4,78.57,314.28,2025-07-31,Nichole Haney
ORD5047,CUST0130,Sunglasses,Lifestyle,3,160.24,480.72,2025-07-31,Rachel Garcia
ORD5048,CUST0073,Notebook,Lifestyle,3,164.12,492.36,2025-07-31,Angela Petersen
ORD5049,CUST0149,Yoga Mat,Wellness,4,78.57,314.28,2025-07-31,Nathaniel Park
ORD5050,CUST0115,Massage Gun,Wellness,5,33.99,169.95,2025-07-31,Angela Davis
ORD5051,CUST0089,Water Bottle,Lifestyle,3,129.59,388.77,2025-07-31,Sarah Williams
ORD5052,CUST0140,Backpack,Lifestyle,4,57.16,228.64,2025-07-31,Angela Davis
ORD5053,CUST0083,Water Bottle,Lifestyle,2,129.59,259.18,2025-07-31,Joan Wilson
ORD5054,CUST0147,Massage Gun,Wellness,4,33.99,135.96,2025-07-31,Joan Wilson
ORD5055,CUST0106,Sunglasses,Lifestyle,1,160.24,160.24,2025-07-31,Nichole Haney
ORD5056,CUST0122,Notebook,Lifestyle,4,164.12,656.48,2025-07-31,Kelsey Ortiz
ORD5057,CUST0039,Sunglasses,Lifestyle,4,160.24,640.96,2025-07-31,Rachel Garcia
ORD5058,CUST0033,Massage Gun,Wellness,5,33.99,169.95,2025-07-31,Angela Petersen
ORD5059,CUST0085,VR Headset,Tech,1,22.42,22.42,2025-07-31,Angela Davis
ORD5060,CUST0026,Smart Watch,Tech,5,93.69,468.45,2025-07-31,Angela Davis
ORD5061,CUST0004,Massage Gun,Wellness,2,33.99,67.98,2025-07-31,Kelsey Ortiz
ORD5062,CUST0040,Notebook,Lifestyle,1,164.12,164.12,2025-07-31,Angela Davis
ORD5063,CUST0068,Bluetooth Speaker,Tech,3,12.33,36.99,2025-07-31,Angela Petersen
ORD5064,CUST0102,Massage Gun,Wellness,1,33.99,33.99,2025-07-31,Nichole Haney
ORD5065,CUST0137,Yoga Mat,Wellness,4,78.57,314.28,2025-07-31,Nichole Haney
ORD5066,CUST0125,VR Headset,Tech,5,22.42,112.1,2025-07-31,Rachel Garcia
ORD5067,CUST0018,Water Bottle,Lifestyle,2,129.59,259.18,2025-07-31,Gwendolyn Mcdonald
ORD5068,CUST0059,Massage Gun,Wellness,1,33.99,33.99,2025-07-31,Kelsey Ortiz
ORD5069,CUST0026,Water Bottle,Lifestyle,1,129.59,129.59,2025-07-31,Angela Davis
ORD5070,CUST0043,Bluetooth Speaker,Tech,3,12.33,36.99,2025-07-31,Rachel Garcia
ORD5071,CUST0012,Protein Powder,Wellness,3,20.36,61.08,2025-07-31,Rachel Garcia
ORD5072,CUST0076,Yoga Mat,Wellness,3,78.57,235.71,2025-07-31,Nichole Haney
ORD5073,CUST0111,Notebook,Lifestyle,2,164.12,328.24,2025-07-31,Joan Wilson
ORD5074,CUST0136,Bluetooth Speaker,Tech,4,12.33,49.32,2025-07-31,Angela Petersen
ORD5075,CUST0047,Water Bottle,Lifestyle,2,129.59,259.18,2025-07-31,Nathaniel Park
ORD5076,CUST0021,Bluetooth Speaker,Tech,5,12.33,61.65,2025-07-31,Kelsey Ortiz
ORD5077,CUST0062,Backpack,Lifestyle,4,57.16,228.64,2025-07-31,Angela Petersen
ORD5078,CUST0037,Water Bottle,Lifestyle,2,129.59,259.18,2025-07-31,Angela Davis
ORD5079,CUST0066,Smart Watch,Tech,4,93.69,374.76,2025-07-31,Gwendolyn Mcdonald
ORD5080,CUST0003,Wireless Charger,Tech,4,57.97,231.88,2025-07-31,Gwendolyn Mcdonald
ORD5081,CUST0140,Vitamins,Wellness,2,111.49,222.98,2025-07-31,Cody Jones
ORD5082,CUST0114,Sunglasses,Lifestyle,3,160.24,480.72,2025-07-31,Angela Petersen
ORD5083,CUST0077,Notebook,Lifestyle,4,164.12,656.48,2025-07-31,Gwendolyn Mcdonald
ORD5084,CUST0117,Wireless Charger,Tech,3,57.97,173.91,2025-07-31,Joan Wilson
ORD5085,CUST0099,Sunglasses,Lifestyle,4,160.24,640.96,2025-07-31,Cody Jones
ORD5086,CUST0061,Smart Watch,Tech,4,93.69,374.76,2025-07-31,Angela Petersen
ORD5087,CUST0092,Smart Watch,Tech,5,93.69,468.45,2025-07-31,Gwendolyn Mcdonald
ORD5088,CUST0076,Backpack,Lifestyle,1,57.16,57.16,2025-07-31,Kelsey Ortiz
ORD5089,CUST0071,Bluetooth Speaker,Tech,1,12.33,12.33,2025-07-31,Angela Petersen
ORD5090,CUST0013,Notebook,Lifestyle,5,164.12,820.6,2025-07-31,Angela Davis
ORD5091,CUST0074,Notebook,Lifestyle,2,164.12,328.24,2025-07-31,Angela Petersen
ORD5092,CUST0091,Wireless Charger,Tech,2,57.97,115.94,2025-07-31,Joan Wilson
ORD5093,CUST0065,Notebook,Lifestyle,2,164.12,328.24,2025-07-31,Cody Jones
ORD5094,CUST0011,Sunglasses,Lifestyle,3,160.24,480.72,2025-07-31,Angela Davis
ORD5095,CUST0009,Protein Powder,Wellness,5,20.36,101.8,2025-07-31,Nichole Haney
ORD5096,CUST0034,Massage Gun,Wellness,1,33.99,33.99,2025-07-31,Gwendolyn Mcdonald
ORD5097,CUST0084,Wireless Charger,Tech,4,57.97,231.88,2025-07-31,Nathaniel Park
ORD5098,CUST0052,Massage Gun,Wellness,2,33.99,67.98,2025-07-31,Sarah Williams
ORD5099,CUST0094,Protein Powder,Wellness,5,20.36,101.8,2025-07-31,Sarah Williams
ORD5100,CUST0070,Water Bottle,Lifestyle,2,129.59,259.18,2025-07-31,Gwendolyn Mcdonald
ORD5101,CUST0124,Backpack,Lifestyle,3,57.16,171.48,2025-07-31,Nichole Haney
ORD5102,CUST0030,Massage Gun,Wellness,4,33.99,135.96,2025-07-31,Cody Jones
ORD5103,CUST0037,Massage Gun,Wellness,2,33.99,67.98,2025-07-31,Kelsey Ortiz
ORD5104,CUST0143,Backpack,Lifestyle,3,57.16,171.48,2025-07-31,Cody Jones
ORD5105,CUST0102,VR Headset,Tech,1,22.42,22.42,2025-07-31,Gwendolyn Mcdonald
ORD5106,CUST0138,Smart Watch,Tech,1,93.69,93.69,2025-07-31,Angela Davis
ORD5107,CUST0095,Protein Powder,Wellness,3,20.36,61.08,2025-07-31,Angela Petersen
ORD5108,CUST0098,Notebook,Lifestyle,3,164.12,492.36,2025-07-31,Cody Jones
ORD5109,CUST0060,Massage Gun,Wellness,4,33.99,135.96,2025-07-31,Rachel Garcia
ORD5110,CUST0144,Notebook,Lifestyle,3,164.12,492.36,2025-07-31,Angela Petersen
ORD5111,CUST0057,VR Headset,Tech,1,22.42,22.42,2025-07-31,Angela Davis
ORD5112,CUST0078,VR Headset,Tech,4,22.42,89.68,2025-07-31,Cody Jones
ORD5113,CUST0036,Sunglasses,Lifestyle,1,160.24,160.24,2025-07-31,Rachel Garcia
ORD5114,CUST0078,Sunglasses,Lifestyle,4,160.24,640.96,2025-07-31,Cody Jones
ORD5115,CUST0025,Wireless Charger,Tech,2,57.97,115.94,2025-07-31,Sarah Williams
ORD5116,CUST0035,Massage Gun,Wellness,4,33.99,135.96,2025-07-31,Angela Davis
ORD5117,CUST0095,Massage Gun,Wellness,5,33.99,169.95,2025-07-31,Kelsey Ortiz
ORD5118,CUST0040,Protein Powder,Wellness,4,20.36,81.44,2025-07-31,Cody Jones
ORD5119,CUST0126,Smart Watch,Tech,5,93.69,468.45,2025-07-31,Kelsey Ortiz
ORD5120,CUST0072,Wireless Charger,Tech,1,57.97,57.97,2025-07-31,Nichole Haney
ORD5121,CUST0056,Vitamins,Wellness,4,111.49,445.96,2025-07-31,Angela Davis
ORD5122,CUST0061,Wireless Charger,Tech,3,57.97,173.91,2025-07-31,Cody Jones
ORD5123,CUST0095,Bluetooth Speaker,Tech,5,12.33,61.65,2025-07-31,Nichole Haney
ORD5124,CUST0016,Smart Watch,Tech,4,93.69,374.76,2025-07-31,Gwendolyn Mcdonald
ORD5125,CUST0049,Massage Gun,Wellness,1,33.99,33.99,2025-07-31,Angela Davis
ORD5126,CUST0024,Smart Watch,Tech,2,93.69,187.38,2025-07-31,Angela Petersen
ORD5127,CUST0006,Protein Powder,Wellness,1,20.36,20.36,2025-07-31,Nichole Haney
ORD5128,CUST0063,Notebook,Lifestyle,2,164.12,328.24,2025-07-31,Angela Petersen
ORD5129,CUST0053,Water Bottle,Lifestyle,1,129.59,129.59,2025-07-31,Sarah Williams
ORD5130,CUST0054,Vitamins,Wellness,5,111.49,557.45,2025-07-31,Joan Wilson
ORD5131,CUST0060,Massage Gun,Wellness,3,33.99,101.97,2025-07-31,Nathaniel Park
ORD5132,CUST0001,Smart Watch,Tech,3,93.69,281.07,2025-07-31,Nathaniel Park
ORD5133,CUST0034,Backpack,Lifestyle,5,57.16,285.8,2025-07-31,Gwendolyn Mcdonald
ORD5134,CUST0045,Massage Gun,Wellness,1,33.99,33.99,2025-07-31,Rachel Garcia
ORD5135,CUST0034,Yoga Mat,Wellness,1,78.57,78.57,2025-07-31,Nichole Haney
ORD5136,CUST0061,Sunglasses,Lifestyle,5,160.24,801.2,2025-07-31,Nichole Haney
ORD5137,CUST0005,Smart Watch,Tech,2,93.69,187.38,2025-07-31,Gwendolyn Mcdonald
ORD5138,CUST0014,Massage Gun,Wellness,2,33.99,67.98,2025-07-31,Kelsey Ortiz
ORD5139,CUST0135,Massage Gun,Wellness,1,33.99,33.99,2025-07-31,Cody Jones
ORD5140,CUST0122,Bluetooth Speaker,Tech,4,12.33,49.32,2025-07-31,Nichole Haney
ORD5141,CUST0132,VR Headset,Tech,5,22.42,112.1,2025-07-31,Cody Jones
ORD5142,CUST0116,Protein Powder,Wellness,5,20.36,101.8,2025-07-31,Joan Wilson
ORD5143,CUST0012,Yoga Mat,Wellness,5,78.57,392.85,2025-07-31,Gwendolyn Mcdonald
ORD5144,CUST0118,Yoga Mat,Wellness,1,78.57,78.57,2025-07-31,Rachel Garcia
ORD5145,CUST0123,Massage Gun,Wellness,4,33.99,135.96,2025-07-31,Kelsey Ortiz
ORD5146,CUST0028,Sunglasses,Lifestyle,4,160.24,640.96,2025-07-31,Angela Davis
ORD5147,CUST0019,Smart Watch,Tech,1,93.69,93.69,2025-07-31,Nichole Haney
ORD5148,CUST0038,Sunglasses,Lifestyle,1,160.24,160.24,2025-07-31,Nathaniel Park
ORD5149,CUST0071,Water Bottle,Lifestyle,5,129.59,647.95,2025-07-31,Angela Petersen
ORD5150,CUST0141,Notebook,Lifestyle,3,164.12,492.36,2025-07-31,Kelsey Ortiz
ORD5151,CUST0136,Sunglasses,Lifestyle,3,160.24,480.72,2025-07-31,Angela Davis
ORD5152,CUST0130,VR Headset,Tech,5,22.42,112.1,2025-07-31,Kelsey Ortiz
ORD5153,CUST0026,Yoga Mat,Wellness,1,78.57,78.57,2025-07-31,Sarah Williams
ORD5154,CUST0056,Smart Watch,Tech,4,93.69,374.76,2025-07-31,Angela Davis
ORD5155,CUST0059,Bluetooth Speaker,Tech,4,12.33,49.32,2025-07-31,Nichole Haney
ORD5156,CUST0117,Bluetooth Speaker,Tech,4,12.33,49.32,2025-07-31,Kelsey Ortiz
ORD5157,CUST0025,Bluetooth Speaker,Tech,3,12.33,36.99,2025-07-31,Kelsey Ortiz
ORD5158,CUST0081,Protein Powder,Wellness,3,20.36,61.08,2025-07-31,Nichole Haney
ORD5159,CUST0040,Sunglasses,Lifestyle,4,160.24,640.96,2025-07-31,Cody Jones
ORD5160,CUST0024,Massage Gun,Wellness,1,33.99,33.99,2025-07-31,Cody Jones
ORD5161,CUST0111,Bluetooth Speaker,Tech,1,12.33,12.33,2025-07-31,Nichole Haney
ORD5162,CUST0034,Yoga Mat,Wellness,5,78.57,392.85,2025-07-31,Rachel Garcia
ORD5163,CUST0144,Bluetooth Speaker,Tech,5,12.33,61.65,2025-07-31,Nichole Haney
ORD5164,CUST0032,VR Headset,Tech,4,22.42,89.68,2025-07-31,Nichole Haney
ORD5165,CUST0109,Yoga Mat,Wellness,1,78.57,78.57,2025-07-31,Gwendolyn Mcdonald
ORD5166,CUST0080,Wireless Charger,Tech,3,57.97,173.91,2025-07-31,Cody Jones
ORD5167,CUST0148,Backpack,Lifestyle,5,57.16,285.8,2025-07-31,Joan Wilson
ORD5168,CUST0040,Protein Powder,Wellness,4,20.36,81.44,2025-07-31,Joan Wilson
ORD5169,CUST0028,Notebook,Lifestyle,3,164.12,492.36,2025-07-31,Sarah Williams
ORD5170,CUST0095,Smart Watch,Tech,1,93.69,93.69,2025-07-31,Gwendolyn Mcdonald
ORD5171,CUST0147,VR Headset,Tech,2,22.42,44.84,2025-07-31,Kelsey Ortiz
ORD5172,CUST0144,Backpack,Lifestyle,5,57.16,285.8,2025-07-31,Angela Petersen
ORD5173,CUST0143,Water Bottle,Lifestyle,1,129.59,129.59,2025-07-31,Angela Petersen
ORD5174,CUST0069,Water Bottle,Lifestyle,1,129.59,129.59,2025-07-31,Nathaniel Park
ORD5175,CUST0070,Bluetooth Speaker,Tech,3,12.33,36.99,2025-07-31,Nichole Haney
ORD5176,CUST0090,Sunglasses,Lifestyle,1,160.24,160.24,2025-07-31,Nathaniel Park
ORD5177,CUST0037,Sunglasses,Lifestyle,5,160.24,801.2,2025-07-31,Kelsey Ortiz
ORD5178,CUST0018,Water Bottle,Lifestyle,2,129.59,259.18,2025-07-31,Rachel Garcia
ORD5179,CUST0024,VR Headset,Tech,5,22.42,112.1,2025-07-31,Joan Wilson
ORD5180,CUST0097,Water Bottle,Lifestyle,4,129.59,518.36,2025-07-31,Angela Davis
ORD5181,CUST0088,VR Headset,Tech,2,22.42,44.84,2025-07-31,Nichole Haney
ORD5182,CUST0080,Backpack,Lifestyle,3,57.16,171.48,2025-07-31,Angela Petersen
ORD5183,CUST0022,Vitamins,Wellness,1,111.49,111.49,2025-07-31,Nathaniel Park
ORD5184,CUST0041,Protein Powder,Wellness,5,20.36,101.8,2025-07-31,Rachel Garcia
ORD5185,CUST0021,Protein Powder,Wellness,3,20.36,61.08,2025-07-31,Angela Davis
ORD5186,CUST0109,Sunglasses,Lifestyle,4,160.24,640.96,2025-07-31,Angela Petersen
ORD5187,CUST0114,Smart Watch,Tech,4,93.69,374.76,2025-07-31,Gwendolyn Mcdonald
ORD5188,CUST0056,Backpack,Lifestyle,5,57.16,285.8,2025-07-31,Cody Jones
ORD5189,CUST0089,Wireless Charger,Tech,4,57.97,231.88,2025-07-31,Cody Jones
ORD5190,CUST0073,Sunglasses,Lifestyle,5,160.24,801.2,2025-07-31,Angela Davis
ORD5191,CUST0135,Protein Powder,Wellness,3,20.36,61.08,2025-07-31,Rachel Garcia
ORD5192,CUST0057,Notebook,Lifestyle,4,164.12,656.48,2025-07-31,Angela Petersen
ORD5193,CUST0015,Backpack,Lifestyle,1,57.16,57.16,2025-07-31,Joan Wilson
ORD5194,CUST0078,Vitamins,Wellness,2,111.49,222.98,2025-07-31,Nathaniel Park
ORD5195,CUST0066,Bluetooth Speaker,Tech,3,12.33,36.99,2025-07-31,Nichole Haney
ORD5196,CUST0031,Smart Watch,Tech,1,93.69,93.69,2025-07-31,Angela Davis
ORD5197,CUST0111,Yoga Mat,Wellness,2,78.57,157.14,2025-07-31,Nathaniel Park
ORD5198,CUST0098,Smart Watch,Tech,5,93.69,468.45,2025-07-31,Joan Wilson
ORD5199,CUST0129,Wireless Charger,Tech,5,57.97,289.85,2025-07-31,Nichole Haney
ORD5200,CUST0019,Wireless Charger,Tech,4,57.97,231.88,2025-07-31,Rachel Garcia
ORD5201,CUST0112,Protein Powder,Wellness,1,20.36,20.36,2025-07-31,Angela Davis
ORD5202,CUST0020,Yoga Mat,Wellness,3,78.57,235.71,2025-07-31,Angela Petersen
ORD5203,CUST0110,Yoga Mat,Wellness,5,78.57,392.85,2025-07-31,Kelsey Ortiz
ORD5204,CUST0107,Bluetooth Speaker,Tech,3,12.33,36.99,2025-07-31,Cody Jones
ORD5205,CUST0104,Notebook,Lifestyle,1,164.12,164.12,2025-07-31,Nichole Haney
ORD5206,CUST0044,Smart Watch,Tech,5,93.69,468.45,2025-07-31,Angela Davis
ORD5207,CUST0093,VR Headset,Tech,1,22.42,22.42,2025-07-31,Kelsey Ortiz
ORD5208,CUST0028,Vitamins,Wellness,2,111.49,222.98,2025-07-31,Kelsey Ortiz
ORD5209,CUST0103,Sunglasses,Lifestyle,5,160.24,801.2,2025-07-31,Cody Jones
ORD5210,CUST0102,Bluetooth Speaker,Tech,3,12.33,36.99,2025-07-31,Nichole Haney
ORD5211,CUST0057,Smart Watch,Tech,3,93.69,281.07,2025-07-31,Nathaniel Park
ORD5212,CUST0020,Water Bottle,Lifestyle,5,129.59,647.95,2025-07-31,Cody Jones
ORD5213,CUST0136,Notebook,Lifestyle,5,164.12,820.6,2025-07-31,Joan Wilson
ORD5214,CUST0090,Vitamins,Wellness,3,111.49,334.47,2025-07-31,Nathaniel Park
ORD5215,CUST0061,Vitamins,Wellness,1,111.49,111.49,2025-07-31,Nathaniel Park
ORD5216,CUST0066,Notebook,Lifestyle,2,164.12,328.24,2025-07-31,Nathaniel Park
ORD5217,CUST0040,Water Bottle,Lifestyle,1,129.59,129.59,2025-07-31,Nathaniel Park
ORD5218,CUST0127,Massage Gun,Wellness,4,33.99,135.96,2025-07-31,Angela Petersen
ORD5219,CUST0149,Protein Powder,Wellness,4,20.36,81.44,2025-07-31,Angela Petersen
ORD5220,CUST0083,Yoga Mat,Wellness,3,78.57,235.71,2025-07-31,Nathaniel Park
ORD5221,CUST0113,Protein Powder,Wellness,1,20.36,20.36,2025-07-31,Angela Davis
ORD5222,CUST0114,Bluetooth Speaker,Tech,3,12.33,36.99,2025-07-31,Gwendolyn Mcdonald
ORD5223,CUST0015,Water Bottle,Lifestyle,3,129.59,388.77,2025-07-31,Sarah Williams
ORD5224,CUST0019,Notebook,Lifestyle,3,164.12,492.36,2025-07-31,Angela Davis
ORD5225,CUST0116,Massage Gun,Wellness,1,33.99,33.99,2025-07-31,Rachel Garcia
ORD5226,CUST0095,Water Bottle,Lifestyle,3,129.59,388.77,2025-07-31,Cody Jones
ORD5227,CUST0024,Vitamins,Wellness,5,111.49,557.45,2025-07-31,Angela Petersen
ORD5228,CUST0130,VR Headset,Tech,4,22.42,89.68,2025-07-31,Angela Davis
ORD5229,CUST0149,Backpack,Lifestyle,5,57.16,285.8,2025-07-31,Rachel Garcia
ORD5230,CUST0116,Smart Watch,Tech,5,93.69,468.45,2025-07-31,Joan Wilson
ORD5231,CUST0083,Sunglasses,Lifestyle,5,160.24,801.2,2025-07-31,Angela Davis
ORD5232,CUST0129,VR Headset,Tech,2,22.42,44.84,2025-07-31,Rachel Garcia
ORD5233,CUST0116,Smart Watch,Tech,1,93.69,93.69,2025-07-31,Nichole Haney
ORD5234,CUST0022,Smart Watch,Tech,5,93.69,468.45,2025-07-31,Nathaniel Park
ORD5235,CUST0011,Wireless Charger,Tech,2,57.97,115.94,2025-07-31,Angela Davis
ORD5236,CUST0113,Notebook,Lifestyle,5,164.12,820.6,2025-07-31,Sarah Williams
ORD5237,CUST0041,Vitamins,Wellness,3,111.49,334.47,2025-07-31,Nichole Haney
ORD5238,CUST0073,Backpack,Lifestyle,4,57.16,228.64,2025-07-31,Kelsey Ortiz
ORD5239,CUST0087,Notebook,Lifestyle,5,164.12,820.6,2025-07-31,Rachel Garcia
ORD5240,CUST0086,Smart Watch,Tech,1,93.69,93.69,2025-07-31,Nichole Haney
ORD5241,CUST0025,Massage Gun,Wellness,5,33.99,169.95,2025-07-31,Kelsey Ortiz
ORD5242,CUST0073,Notebook,Lifestyle,3,164.12,492.36,2025-07-31,Angela Petersen
ORD5243,CUST0039,Notebook,Lifestyle,3,164.12,492.36,2025-07-31,Cody Jones
ORD5244,CUST0150,Protein Powder,Wellness,2,20.36,40.72,2025-07-31,Nichole Haney
ORD5245,CUST0080,VR Headset,Tech,4,22.42,89.68,2025-07-31,Nathaniel Park
ORD5246,CUST0022,Water Bottle,Lifestyle,3,129.59,388.77,2025-07-31,Sarah Williams
ORD5247,CUST0097,Bluetooth Speaker,Tech,3,12.33,36.99,2025-07-31,Nathaniel Park
ORD5248,CUST0135,Water Bottle,Lifestyle,1,129.59,129.59,2025-07-31,Kelsey Ortiz
ORD5249,CUST0131,Bluetooth Speaker,Tech,3,12.33,36.99,2025-07-31,Rachel Garcia
ORD5250,CUST0093,VR Headset,Tech,3,22.42,67.26,2025-07-31,Nathaniel Park
ORD5251,CUST0055,Sunglasses,Lifestyle,3,160.24,480.72,2025-07-31,Angela Davis
ORD5252,CUST0050,VR Headset,Tech,2,22.42,44.84,2025-07-31,Nathaniel Park
ORD5253,CUST0040,VR Headset,Tech,1,22.42,22.42,2025-07-31,Gwendolyn Mcdonald
ORD5254,CUST0026,Wireless Charger,Tech,5,57.97,289.85,2025-07-31,Sarah Williams
ORD5255,CUST0135,Water Bottle,Lifestyle,1,129.59,129.59,2025-07-31,Nichole Haney
ORD5256,CUST0034,Water Bottle,Lifestyle,5,129.59,647.95,2025-07-31,Kelsey Ortiz
ORD5257,CUST0040,Backpack,Lifestyle,2,57.16,114.32,2025-07-31,Nathaniel Park
ORD5258,CUST0043,Vitamins,Wellness,4,111.49,445.96,2025-07-31,Rachel Garcia
ORD5259,CUST0106,Backpack,Lifestyle,3,57.16,171.48,2025-07-31,Joan Wilson
ORD5260,CUST0114,Smart Watch,Tech,5,93.69,468.45,2025-07-31,Gwendolyn Mcdonald
ORD5261,CUST0115,Sunglasses,Lifestyle,2,160.24,320.48,2025-07-31,Sarah Williams
ORD5262,CUST0062,Bluetooth Speaker,Tech,3,12.33,36.99,2025-07-31,Angela Davis
ORD5263,CUST0050,Backpack,Lifestyle,3,57.16,171.48,2025-07-31,Angela Petersen
ORD5264,CUST0113,Vitamins,Wellness,4,111.49,445.96,2025-07-31,Gwendolyn Mcdonald
ORD5265,CUST0098,Bluetooth Speaker,Tech,5,12.33,61.65,2025-07-31,Sarah Williams
ORD5266,CUST0108,Bluetooth Speaker,Tech,2,12.33,24.66,2025-07-31,Joan Wilson
ORD5267,CUST0036,Smart Watch,Tech,3,93.69,281.07,2025-07-31,Rachel Garcia
ORD5268,CUST0124,VR Headset,Tech,3,22.42,67.26,2025-07-31,Sarah Williams
ORD5269,CUST0027,Massage Gun,Wellness,5,33.99,169.95,2025-07-31,Cody Jones
ORD5270,CUST0073,Backpack,Lifestyle,1,57.16,57.16,2025-07-31,Nathaniel Park
ORD5271,CUST0070,Notebook,Lifestyle,4,164.12,656.48,2025-07-31,Sarah Williams
ORD5272,CUST0038,Notebook,Lifestyle,4,164.12,656.48,2025-07-31,Cody Jones
ORD5273,CUST0057,Bluetooth Speaker,Tech,4,12.33,49.32,2025-07-31,Nichole Haney
ORD5274,CUST0007,VR Headset,Tech,4,22.42,89.68,2025-07-31,Rachel Garcia
ORD5275,CUST0102,VR Headset,Tech,5,22.42,112.1,2025-07-31,Nichole Haney
ORD5276,CUST0061,Vitamins,Wellness,4,111.49,445.96,2025-07-31,Cody Jones
ORD5277,CUST0096,Massage Gun,Wellness,2,33.99,67.98,2025-07-31,Rachel Garcia
ORD5278,CUST0082,Wireless Charger,Tech,1,57.97,57.97,2025-07-31,Nichole Haney
ORD5279,CUST0038,Backpack,Lifestyle,2,57.16,114.32,2025-07-31,Rachel Garcia
ORD5280,CUST0074,Water Bottle,Lifestyle,4,129.59,518.36,2025-07-31,Nathaniel Park
ORD5281,CUST0121,Protein Powder,Wellness,4,20.36,81.44,2025-07-31,Angela Petersen
ORD5282,CUST0002,Notebook,Lifestyle,1,164.12,164.12,2025-07-31,Rachel Garcia
ORD5283,CUST0066,Protein Powder,Wellness,2,20.36,40.72,2025-07-31,Nathaniel Park
ORD5284,CUST0141,Vitamins,Wellness,5,111.49,557.45,2025-07-31,Sarah Williams
ORD5285,CUST0109,Notebook,Lifestyle,1,164.12,164.12,2025-07-31,Gwendolyn Mcdonald
ORD5286,CUST0061,Notebook,Lifestyle,3,164.12,492.36,2025-07-31,Cody Jones
ORD5287,CUST0013,Backpack,Lifestyle,2,57.16,114.32,2025-07-31,Kelsey Ortiz
ORD5288,CUST0118,Backpack,Lifestyle,1,57.16,57.16,2025-07-31,Cody Jones
ORD5289,CUST0128,Protein Powder,Wellness,5,20.36,101.8,2025-07-31,Sarah Williams
ORD5290,CUST0005,Bluetooth Speaker,Tech,5,12.33,61.65,2025-07-31,Angela Petersen
ORD5291,CUST0062,Notebook,Lifestyle,2,164.12,328.24,2025-07-31,Gwendolyn Mcdonald
ORD5292,CUST0110,Smart Watch,Tech,1,93.69,93.69,2025-07-31,Angela Petersen
ORD5293,CUST0091,Notebook,Lifestyle,2,164.12,328.24,2025-07-31,Angela Petersen
ORD5294,CUST0107,Notebook,Lifestyle,2,164.12,328.24,2025-07-31,Cody Jones
ORD5295,CUST0135,Backpack,Lifestyle,3,57.16,171.48,2025-07-31,Cody Jones
ORD5296,CUST0135,Massage Gun,Wellness,5,33.99,169.95,2025-07-31,Sarah Williams
ORD5297,CUST0130,Massage Gun,Wellness,5,33.99,169.95,2025-07-31,Rachel Garcia
ORD5298,CUST0100,Massage Gun,Wellness,4,33.99,135.96,2025-07-31,Rachel Garcia
ORD5299,CUST0100,Water Bottle,Lifestyle,3,129.59,388.77,2025-07-31,Gwendolyn Mcdonald
ORD5300,CUST0005,Sunglasses,Lifestyle,3,160.24,480.72,2025-07-31,Cody Jones
ORD5301,CUST0089,Massage Gun,Wellness,2,33.99,67.98,2025-07-31,Cody Jones
ORD5302,CUST0149,Smart Watch,Tech,3,93.69,281.07,2025-07-31,Nathaniel Park
ORD5303,CUST0012,Water Bottle,Lifestyle,3,129.59,388.77,2025-07-31,Sarah Williams
ORD5304,CUST0087,VR Headset,Tech,2,22.42,44.84,2025-07-31,Angela Davis
ORD5305,CUST0123,Backpack,Lifestyle,2,57.16,114.32,2025-07-31,Nathaniel Park
ORD5306,CUST0017,Massage Gun,Wellness,4,33.99,135.96,2025-07-31,Rachel Garcia
ORD5307,CUST0076,Backpack,Lifestyle,2,57.16,114.32,2025-07-31,Rachel Garcia
ORD5308,CUST0052,VR Headset,Tech,1,22.42,22.42,2025-07-31,Nichole Haney
ORD5309,CUST0080,Water Bottle,Lifestyle,5,129.59,647.95,2025-07-31,Kelsey Ortiz
ORD5310,CUST0140,Bluetooth Speaker,Tech,4,12.33,49.32,2025-07-31,Gwendolyn Mcdonald
ORD5311,CUST0010,Protein Powder,Wellness,2,20.36,40.72,2025-07-31,Gwendolyn Mcdonald
ORD5312,CUST0092,VR Headset,Tech,1,22.42,22.42,2025-07-31,Nichole Haney
ORD5313,CUST0070,Water Bottle,Lifestyle,1,129.59,129.59,2025-07-31,Nichole Haney
ORD5314,CUST0112,Wireless Charger,Tech,4,57.97,231.88,2025-07-31,Angela Davis
ORD5315,CUST0099,Bluetooth Speaker,Tech,3,12.33,36.99,2025-07-31,Nathaniel Park
ORD5316,CUST0128,VR Headset,Tech,4,22.42,89.68,2025-07-31,Nichole Haney
ORD5317,CUST0133,Protein Powder,Wellness,3,20.36,61.08,2025-07-31,Cody Jones
ORD5318,CUST0109,Water Bottle,Lifestyle,1,129.59,129.59,2025-07-31,Kelsey Ortiz
ORD5319,CUST0047,Notebook,Lifestyle,5,164.12,820.6,2025-07-31,Gwendolyn Mcdonald
ORD5320,CUST0083,Massage Gun,Wellness,1,33.99,33.99,2025-07-31,Cody Jones
ORD5321,CUST0084,Massage Gun,Wellness,3,33.99,101.97,2025-07-31,Gwendolyn Mcdonald
ORD5322,CUST0115,Smart Watch,Tech,5,93.69,468.45,2025-07-31,Kelsey Ortiz
ORD5323,CUST0043,Yoga Mat,Wellness,4,78.57,314.28,2025-07-31,Nichole Haney
ORD5324,CUST0115,Yoga Mat,Wellness,1,78.57,78.57,2025-07-31,Nichole Haney
ORD5325,CUST0112,Bluetooth Speaker,Tech,3,12.33,36.99,2025-07-31,Rachel Garcia
ORD5326,CUST0020,Sunglasses,Lifestyle,4,160.24,640.96,2025-07-31,Nichole Haney
ORD5327,CUST0132,Notebook,Lifestyle,2,164.12,328.24,2025-07-31,Rachel Garcia
ORD5328,CUST0037,Protein Powder,Wellness,5,20.36,101.8,2025-07-31,Angela Davis
ORD5329,CUST0009,Wireless Charger,Tech,2,57.97,115.94,2025-07-31,Cody Jones
ORD5330,CUST0061,Massage Gun,Wellness,3,33.99,101.97,2025-07-31,Nichole Haney
ORD5331,CUST0099,Vitamins,Wellness,5,111.49,557.45,2025-07-31,Rachel Garcia
ORD5332,CUST0040,Massage Gun,Wellness,4,33.99,135.96,2025-07-31,Nichole Haney
ORD5333,CUST0096,Smart Watch,Tech,4,93.69,374.76,2025-07-31,Cody Jones
ORD5334,CUST0147,Notebook,Lifestyle,2,164.12,328.24,2025-07-31,Sarah Williams
ORD5335,CUST0094,Protein Powder,Wellness,4,20.36,81.44,2025-07-31,Nichole Haney
ORD5336,CUST0072,Yoga Mat,Wellness,2,78.57,157.14,2025-07-31,Cody Jones
ORD5337,CUST0007,Yoga Mat,Wellness,2,78.57,157.14,2025-07-31,Angela Davis
ORD5338,CUST0133,Massage Gun,Wellness,4,33.99,135.96,2025-07-31,Sarah Williams
ORD5339,CUST0031,VR Headset,Tech,3,22.42,67.26,2025-07-31,Gwendolyn Mcdonald
ORD5340,CUST0115,VR Headset,Tech,2,22.42,44.84,2025-07-31,Angela Petersen
ORD5341,CUST0074,Protein Powder,Wellness,4,20.36,81.44,2025-07-31,Joan Wilson
ORD5342,CUST0032,Notebook,Lifestyle,2,164.12,328.24,2025-07-31,Cody Jones
ORD5343,CUST0116,Water Bottle,Lifestyle,2,129.59,259.18,2025-07-31,Angela Davis
ORD5344,CUST0023,VR Headset,Tech,3,22.42,67.26,2025-07-31,Nichole Haney
ORD5345,CUST0017,Backpack,Lifestyle,5,57.16,285.8,2025-07-31,Sarah Williams
ORD5346,CUST0075,Backpack,Lifestyle,3,57.16,171.48,2025-07-31,Nathaniel Park
ORD5347,CUST0045,Wireless Charger,Tech,3,57.97,173.91,2025-07-31,Sarah Williams
ORD5348,CUST0058,Vitamins,Wellness,1,111.49,111.49,2025-07-31,Joan Wilson
ORD5349,CUST0036,Smart Watch,Tech,2,93.69,187.38,2025-07-31,Angela Davis
ORD5350,CUST0007,Wireless Charger,Tech,3,57.97,173.91,2025-07-31,Sarah Williams
ORD5351,CUST0147,Smart Watch,Tech,3,93.69,281.07,2025-07-31,Angela Davis
ORD5352,CUST0142,Protein Powder,Wellness,2,20.36,40.72,2025-07-31,Angela Petersen
ORD5353,CUST0023,Smart Watch,Tech,1,93.69,93.69,2025-07-31,Gwendolyn Mcdonald
ORD5354,CUST0102,Bluetooth Speaker,Tech,4,12.33,49.32,2025-07-31,Sarah Williams
ORD5355,CUST0106,Massage Gun,Wellness,4,33.99,135.96,2025-07-31,Angela Petersen
ORD5356,CUST0019,VR Headset,Tech,2,22.42,44.84,2025-07-31,Nichole Haney
ORD5357,CUST0019,Smart Watch,Tech,4,93.69,374.76,2025-07-31,Angela Davis
ORD5358,CUST0133,Bluetooth Speaker,Tech,3,12.33,36.99,2025-07-31,Nathaniel Park
ORD5359,CUST0142,Protein Powder,Wellness,5,20.36,101.8,2025-07-31,Nathaniel Park
ORD5360,CUST0034,Backpack,Lifestyle,4,57.16,228.64,2025-07-31,Sarah Williams
ORD5361,CUST0015,Vitamins,Wellness,1,111.49,111.49,2025-07-31,Sarah Williams
ORD5362,CUST0040,Backpack,Lifestyle,3,57.16,171.48,2025-07-31,Nathaniel Park
ORD5363,CUST0042,Protein Powder,Wellness,3,20.36,61.08,2025-07-31,Joan Wilson
ORD5364,CUST0089,Water Bottle,Lifestyle,5,129.59,647.95,2025-07-31,Gwendolyn Mcdonald
ORD5365,CUST0021,Smart Watch,Tech,3,93.69,281.07,2025-07-31,Joan Wilson
ORD5366,CUST0142,Bluetooth Speaker,Tech,3,12.33,36.99,2025-07-31,Nathaniel Park
ORD5367,CUST0078,Water Bottle,Lifestyle,5,129.59,647.95,2025-07-31,Sarah Williams
ORD5368,CUST0024,Protein Powder,Wellness,5,20.36,101.8,2025-07-31,Nathaniel Park
ORD5369,CUST0149,Bluetooth Speaker,Tech,2,12.33,24.66,2025-07-31,Nathaniel Park
ORD5370,CUST0087,Smart Watch,Tech,5,93.69,468.45,2025-07-31,Rachel Garcia
ORD5371,CUST0008,Vitamins,Wellness,1,111.49,111.49,2025-07-31,Rachel Garcia
ORD5372,CUST0148,Massage Gun,Wellness,3,33.99,101.97,2025-07-31,Joan Wilson
ORD5373,CUST0147,Protein Powder,Wellness,4,20.36,81.44,2025-07-31,Angela Petersen
ORD5374,CUST0008,Yoga Mat,Wellness,4,78.57,314.28,2025-07-31,Sarah Williams
ORD5375,CUST0075,Vitamins,Wellness,3,111.49,334.47,2025-07-31,Angela Davis
ORD5376,CUST0063,Bluetooth Speaker,Tech,4,12.33,49.32,2025-07-31,Gwendolyn Mcdonald
ORD5377,CUST0117,Wireless Charger,Tech,1,57.97,57.97,2025-07-31,Rachel Garcia
ORD5378,CUST0041,Water Bottle,Lifestyle,4,129.59,518.36,2025-07-31,Kelsey Ortiz
ORD5379,CUST0124,VR Headset,Tech,4,22.42,89.68,2025-07-31,Joan Wilson
ORD5380,CUST0088,Bluetooth Speaker,Tech,5,12.33,61.65,2025-07-31,Nathaniel Park
ORD5381,CUST0081,Water Bottle,Lifestyle,3,129.59,388.77,2025-07-31,Nichole Haney
ORD5382,CUST0103,Massage Gun,Wellness,2,33.99,67.98,2025-07-31,Nichole Haney
ORD5383,CUST0132,VR Headset,Tech,5,22.42,112.1,2025-07-31,Cody Jones
ORD5384,CUST0082,Massage Gun,Wellness,2,33.99,67.98,2025-07-31,Angela Davis
ORD5385,CUST0032,Sunglasses,Lifestyle,3,160.24,480.72,2025-07-31,Angela Davis
ORD5386,CUST0064,Bluetooth Speaker,Tech,2,12.33,24.66,2025-07-31,Cody Jones
ORD5387,CUST0013,Bluetooth Speaker,Tech,3,12.33,36.99,2025-07-31,Kelsey Ortiz
ORD5388,CUST0108,Water Bottle,Lifestyle,2,129.59,259.18,2025-07-31,Nathaniel Park
ORD5389,CUST0084,Wireless Charger,Tech,5,57.97,289.85,2025-07-31,Nichole Haney
ORD5390,CUST0049,Water Bottle,Lifestyle,2,129.59,259.18,2025-07-31,Angela Davis
ORD5391,CUST0132,Massage Gun,Wellness,4,33.99,135.96,2025-07-31,Angela Davis
ORD5392,CUST0079,Massage Gun,Wellness,4,33.99,135.96,2025-07-31,Rachel Garcia
ORD5393,CUST0024,Bluetooth Speaker,Tech,4,12.33,49.32,2025-07-31,Sarah Williams
ORD5394,CUST0118,Sunglasses,Lifestyle,2,160.24,320.48,2025-07-31,Joan Wilson
ORD5395,CUST0150,Notebook,Lifestyle,3,164.12,492.36,2025-07-31,Rachel Garcia
ORD5396,CUST0013,Wireless Charger,Tech,3,57.97,173.91,2025-07-31,Angela Davis
ORD5397,CUST0121,Notebook,Lifestyle,3,164.12,492.36,2025-07-31,Sarah Williams
ORD5398,CUST0003,Vitamins,Wellness,1,111.49,111.49,2025-07-31,Kelsey Ortiz
ORD5399,CUST0035,Vitamins,Wellness,3,111.49,334.47,2025-07-31,Nichole Haney
ORD5400,CUST0104,Yoga Mat,Wellness,3,78.57,235.71,2025-07-31,Rachel Garcia
ORD5401,CUST0103,Notebook,Lifestyle,1,164.12,164.12,2025-07-31,Angela Petersen
ORD5402,CUST0144,Protein Powder,Wellness,2,20.36,40.72,2025-07-31,Nichole Haney
ORD5403,CUST0142,Yoga Mat,Wellness,3,78.57,235.71,2025-07-31,Cody Jones
ORD5404,CUST0099,Vitamins,Wellness,5,111.49,557.45,2025-07-31,Angela Davis
ORD5405,CUST0141,Sunglasses,Lifestyle,3,160.24,480.72,2025-07-31,Angela Petersen
ORD5406,CUST0031,Bluetooth Speaker,Tech,2,12.33,24.66,2025-07-31,Cody Jones
ORD5407,CUST0101,Smart Watch,Tech,3,93.69,281.07,2025-07-31,Nichole Haney
ORD5408,CUST0143,VR Headset,Tech,3,22.42,67.26,2025-07-31,Nathaniel Park
ORD5409,CUST0051,Backpack,Lifestyle,5,57.16,285.8,2025-07-31,Sarah Williams
ORD5410,CUST0103,Notebook,Lifestyle,5,164.12,820.6,2025-07-31,Rachel Garcia
ORD5411,CUST0012,VR Headset,Tech,1,22.42,22.42,2025-07-31,Nathaniel Park
ORD5412,CUST0086,Bluetooth Speaker,Tech,4,12.33,49.32,2025-07-31,Sarah Williams
ORD5413,CUST0117,Backpack,Lifestyle,2,57.16,114.32,2025-07-31,Angela Petersen
ORD5414,CUST0132,VR Headset,Tech,2,22.42,44.84,2025-07-31,Nichole Haney
ORD5415,CUST0082,Yoga Mat,Wellness,2,78.57,157.14,2025-07-31,Kelsey Ortiz
ORD5416,CUST0077,Water Bottle,Lifestyle,5,129.59,647.95,2025-07-31,Nichole Haney
ORD5417,CUST0130,Massage Gun,Wellness,5,33.99,169.95,2025-07-31,Sarah Williams
ORD5418,CUST0126,Protein Powder,Wellness,5,20.36,101.8,2025-07-31,Gwendolyn Mcdonald
ORD5419,CUST0122,Wireless Charger,Tech,1,57.97,57.97,2025-07-31,Nichole Haney
ORD5420,CUST0085,VR Headset,Tech,1,22.42,22.42,2025-07-31,Kelsey Ortiz
ORD5421,CUST0150,Massage Gun,Wellness,3,33.99,101.97,2025-07-31,Rachel Garcia
ORD5422,CUST0122,Yoga Mat,Wellness,3,78.57,235.71,2025-07-31,Angela Petersen
ORD5423,CUST0148,Water Bottle,Lifestyle,2,129.59,259.18,2025-07-31,Rachel Garcia
ORD5424,CUST0150,Bluetooth Speaker,Tech,4,12.33,49.32,2025-07-31,Nathaniel Park
ORD5425,CUST0135,Vitamins,Wellness,5,111.49,557.45,2025-07-31,Kelsey Ortiz
ORD5426,CUST0038,Backpack,Lifestyle,2,57.16,114.32,2025-07-31,Rachel Garcia
ORD5427,CUST0147,Yoga Mat,Wellness,1,78.57,78.57,2025-07-31,Joan Wilson
ORD5428,CUST0005,Massage Gun,Wellness,4,33.99,135.96,2025-07-31,Nichole Haney
ORD5429,CUST0108,Protein Powder,Wellness,2,20.36,40.72,2025-07-31,Kelsey Ortiz
ORD5430,CUST0053,Massage Gun,Wellness,4,33.99,135.96,2025-07-31,Sarah Williams
ORD5431,CUST0121,Massage Gun,Wellness,1,33.99,33.99,2025-07-31,Nathaniel Park
ORD5432,CUST0133,Yoga Mat,Wellness,2,78.57,157.14,2025-07-31,Sarah Williams
ORD5433,CUST0084,Water Bottle,Lifestyle,4,129.59,518.36,2025-07-31,Sarah Williams
ORD5434,CUST0097,Notebook,Lifestyle,3,164.12,492.36,2025-07-31,Nathaniel Park
ORD5435,CUST0118,Yoga Mat,Wellness,5,78.57,392.85,2025-07-31,Nichole Haney
ORD5436,CUST0140,Vitamins,Wellness,3,111.49,334.47,2025-07-31,Gwendolyn Mcdonald
ORD5437,CUST0124,Backpack,Lifestyle,2,57.16,114.32,2025-07-31,Joan Wilson
ORD5438,CUST0072,Notebook,Lifestyle,5,164.12,820.6,2025-07-31,Gwendolyn Mcdonald
ORD5439,CUST0058,Sunglasses,Lifestyle,3,160.24,480.72,2025-07-31,Gwendolyn Mcdonald
ORD5440,CUST0054,VR Headset,Tech,4,22.42,89.68,2025-07-31,Nichole Haney
ORD5441,CUST0123,Yoga Mat,Wellness,3,78.57,235.71,2025-07-31,Sarah Williams
ORD5442,CUST0071,Notebook,Lifestyle,3,164.12,492.36,2025-07-31,Cody Jones
ORD5443,CUST0147,Notebook,Lifestyle,5,164.12,820.6,2025-07-31,Kelsey Ortiz
ORD5444,CUST0102,Water Bottle,Lifestyle,3,129.59,388.77,2025-07-31,Nathaniel Park
ORD5445,CUST0075,Smart Watch,Tech,1,93.69,93.69,2025-07-31,Gwendolyn Mcdonald
ORD5446,CUST0021,Water Bottle,Lifestyle,3,129.59,388.77,2025-07-31,Angela Davis
ORD5447,CUST0066,Vitamins,Wellness,4,111.49,445.96,2025-07-31,Joan Wilson
ORD5448,CUST0052,Backpack,Lifestyle,5,57.16,285.8,2025-07-31,Gwendolyn Mcdonald
ORD5449,CUST0144,Smart Watch,Tech,3,93.69,281.07,2025-07-31,Nathaniel Park
ORD5450,CUST0028,Bluetooth Speaker,Tech,5,12.33,61.65,2025-07-31,Angela Petersen
ORD5451,CUST0062,Water Bottle,Lifestyle,2,129.59,259.18,2025-07-31,Rachel Garcia
ORD5452,CUST0136,Water Bottle,Lifestyle,2,129.59,259.18,2025-07-31,Joan Wilson
ORD5453,CUST0014,Wireless Charger,Tech,1,57.97,57.97,2025-07-31,Kelsey Ortiz
ORD5454,CUST0085,Wireless Charger,Tech,4,57.97,231.88,2025-07-31,Cody Jones
ORD5455,CUST0036,Water Bottle,Lifestyle,1,129.59,129.59,2025-07-31,Sarah Williams
ORD5456,CUST0041,Wireless Charger,Tech,4,57.97,231.88,2025-07-31,Angela Davis
ORD5457,CUST0123,Backpack,Lifestyle,2,57.16,114.32,2025-07-31,Gwendolyn Mcdonald
ORD5458,CUST0083,Sunglasses,Lifestyle,3,160.24,480.72,2025-07-31,Rachel Garcia
ORD5459,CUST0023,Massage Gun,Wellness,5,33.99,169.95,2025-07-31,Joan Wilson
ORD5460,CUST0137,Wireless Charger,Tech,1,57.97,57.97,2025-07-31,Nathaniel Park
ORD5461,CUST0107,Protein Powder,Wellness,2,20.36,40.72,2025-07-31,Rachel Garcia
ORD5462,CUST0102,Sunglasses,Lifestyle,4,160.24,640.96,2025-07-31,Nathaniel Park
ORD5463,CUST0075,Protein Powder,Wellness,1,20.36,20.36,2025-07-31,Rachel Garcia
ORD5464,CUST0077,Bluetooth Speaker,Tech,5,12.33,61.65,2025-07-31,Angela Petersen
ORD5465,CUST0028,Vitamins,Wellness,3,111.49,334.47,2025-07-31,Gwendolyn Mcdonald
ORD5466,CUST0117,Sunglasses,Lifestyle,5,160.24,801.2,2025-07-31,Sarah Williams
ORD5467,CUST0127,Smart Watch,Tech,2,93.69,187.38,2025-07-31,Sarah Williams
ORD5468,CUST0120,Massage Gun,Wellness,3,33.99,101.97,2025-07-31,Joan Wilson
ORD5469,CUST0029,VR Headset,Tech,3,22.42,67.26,2025-07-31,Nathaniel Park
ORD5470,CUST0118,Sunglasses,Lifestyle,3,160.24,480.72,2025-07-31,Nathaniel Park
ORD5471,CUST0004,Sunglasses,Lifestyle,3,160.24,480.72,2025-07-31,Gwendolyn Mcdonald
ORD5472,CUST0146,Protein Powder,Wellness,2,20.36,40.72,2025-07-31,Nathaniel Park
ORD5473,CUST0104,Vitamins,Wellness,4,111.49,445.96,2025-07-31,Sarah Williams
ORD5474,CUST0084,VR Headset,Tech,1,22.42,22.42,2025-07-31,Kelsey Ortiz
ORD5475,CUST0025,Protein Powder,Wellness,2,20.36,40.72,2025-07-31,Nathaniel Park
ORD5476,CUST0123,Backpack,Lifestyle,3,57.16,171.48,2025-07-31,Joan Wilson
ORD5477,CUST0002,Backpack,Lifestyle,3,57.16,171.48,2025-07-31,Kelsey Ortiz
ORD5478,CUST0061,Backpack,Lifestyle,4,57.16,228.64,2025-07-31,Gwendolyn Mcdonald
ORD5479,CUST0085,Water Bottle,Lifestyle,3,129.59,388.77,2025-07-31,Angela Petersen
ORD5480,CUST0147,Bluetooth Speaker,Tech,1,12.33,12.33,2025-07-31,Gwendolyn Mcdonald
ORD5481,CUST0093,Backpack,Lifestyle,2,57.16,114.32,2025-07-31,Rachel Garcia
ORD5482,CUST0031,Massage Gun,Wellness,4,33.99,135.96,2025-07-31,Gwendolyn Mcdonald
ORD5483,CUST0041,Massage Gun,Wellness,4,33.99,135.96,2025-07-31,Sarah Williams
ORD5484,CUST0080,Vitamins,Wellness,1,111.49,111.49,2025-07-31,Gwendolyn Mcdonald
ORD5485,CUST0095,Vitamins,Wellness,5,111.49,557.45,2025-07-31,Joan Wilson
ORD5486,CUST0057,Bluetooth Speaker,Tech,2,12.33,24.66,2025-07-31,Angela Davis
ORD5487,CUST0040,Water Bottle,Lifestyle,4,129.59,518.36,2025-07-31,Angela Petersen
ORD5488,CUST0096,Bluetooth Speaker,Tech,4,12.33,49.32,2025-07-31,Sarah Williams
ORD5489,CUST0121,Massage Gun,Wellness,5,33.99,169.95,2025-07-31,Joan Wilson
ORD5490,CUST0064,Smart Watch,Tech,5,93.69,468.45,2025-07-31,Cody Jones
ORD5491,CUST0135,VR Headset,Tech,4,22.42,89.68,2025-07-31,Sarah Williams
ORD5492,CUST0093,Yoga Mat,Wellness,1,78.57,78.57,2025-07-31,Angela Petersen
ORD5493,CUST0029,Backpack,Lifestyle,1,57.16,57.16,2025-07-31,Sarah Williams
ORD5494,CUST0130,VR Headset,Tech,2,22.42,44.84,2025-07-31,Angela Petersen
ORD5495,CUST0138,Backpack,Lifestyle,2,57.16,114.32,2025-07-31,Nathaniel Park
ORD5496,CUST0084,Smart Watch,Tech,5,93.69,468.45,2025-07-31,Angela Davis
ORD5497,CUST0030,Bluetooth Speaker,Tech,2,12.33,24.66,2025-07-31,Angela Petersen
ORD5498,CUST0126,Vitamins,Wellness,1,111.49,111.49,2025-07-31,Sarah Williams
ORD5499,CUST0115,Bluetooth Speaker,Tech,1,12.33,12.33,2025-07-31,Angela Davis
ORD5500,CUST0034,Protein Powder,Wellness,5,20.36,101.8,2025-07-31,Kelsey Ortiz
ORD5501,CUST0117,Bluetooth Speaker,Tech,5,12.33,61.65,2025-07-31,Rachel Garcia
ORD5502,CUST0144,Notebook,Lifestyle,4,164.12,656.48,2025-07-31,Gwendolyn Mcdonald
ORD5503,CUST0006,VR Headset,Tech,4,22.42,89.68,2025-07-31,Gwendolyn Mcdonald
ORD5504,CUST0001,Sunglasses,Lifestyle,2,160.24,320.48,2025-07-31,Angela Petersen
ORD5505,CUST0019,Massage Gun,Wellness,1,33.99,33.99,2025-07-31,Kelsey Ortiz
ORD5506,CUST0089,Smart Watch,Tech,1,93.69,93.69,2025-07-31,Sarah Williams
ORD5507,CUST0016,Wireless Charger,Tech,1,57.97,57.97,2025-07-31,Angela Davis
ORD5508,CUST0009,VR Headset,Tech,3,22.42,67.26,2025-07-31,Kelsey Ortiz
ORD5509,CUST0047,Wireless Charger,Tech,2,57.97,115.94,2025-07-31,Kelsey Ortiz
ORD5510,CUST0096,Protein Powder,Wellness,4,20.36,81.44,2025-07-31,Angela Davis
ORD5511,CUST0097,Bluetooth Speaker,Tech,4,12.33,49.32,2025-07-31,Cody Jones
ORD5512,CUST0139,Notebook,Lifestyle,2,164.12,328.24,2025-07-31,Nichole Haney
ORD5513,CUST0031,Backpack,Lifestyle,2,57.16,114.32,2025-07-31,Sarah Williams
ORD5514,CUST0101,Backpack,Lifestyle,5,57.16,285.8,2025-07-31,Nathaniel Park
ORD5515,CUST0058,Notebook,Lifestyle,1,164.12,164.12,2025-07-31,Rachel Garcia
ORD5516,CUST0077,Sunglasses,Lifestyle,4,160.24,640.96,2025-07-31,Sarah Williams
ORD5517,CUST0109,Smart Watch,Tech,5,93.69,468.45,2025-07-31,Kelsey Ortiz
ORD5518,CUST0059,Sunglasses,Lifestyle,2,160.24,320.48,2025-07-31,Angela Davis
ORD5519,CUST0089,Vitamins,Wellness,2,111.49,222.98,2025-07-31,Gwendolyn Mcdonald
ORD5520,CUST0049,Backpack,Lifestyle,1,57.16,57.16,2025-07-31,Rachel Garcia
ORD5521,CUST0108,Vitamins,Wellness,5,111.49,557.45,2025-07-31,Rachel Garcia
ORD5522,CUST0062,Yoga Mat,Wellness,2,78.57,157.14,2025-07-31,Cody Jones
ORD5523,CUST0026,Protein Powder,Wellness,5,20.36,101.8,2025-07-31,Rachel Garcia
ORD5524,CUST0115,Smart Watch,Tech,5,93.69,468.45,2025-07-31,Rachel Garcia
ORD5525,CUST0063,VR Headset,Tech,1,22.42,22.42,2025-07-31,Kelsey Ortiz
ORD5526,CUST0113,Wireless Charger,Tech,2,57.97,115.94,2025-07-31,Sarah Williams
ORD5527,CUST0056,Yoga Mat,Wellness,1,78.57,78.57,2025-07-31,Nathaniel Park
ORD5528,CUST0129,Protein Powder,Wellness,3,20.36,61.08,2025-07-31,Joan Wilson
ORD5529,CUST0148,Vitamins,Wellness,3,111.49,334.47,2025-07-31,Angela Petersen
ORD5530,CUST0083,Notebook,Lifestyle,2,164.12,328.24,2025-07-31,Gwendolyn Mcdonald
ORD5531,CUST0037,Water Bottle,Lifestyle,5,129.59,647.95,2025-07-31,Joan Wilson
ORD5532,CUST0106,Yoga Mat,Wellness,3,78.57,235.71,2025-07-31,Gwendolyn Mcdonald
ORD5533,CUST0016,Vitamins,Wellness,5,111.49,557.45,2025-07-31,Angela Petersen
ORD5534,CUST0045,VR Headset,Tech,4,22.42,89.68,2025-07-31,Sarah Williams
ORD5535,CUST0127,Yoga Mat,Wellness,1,78.57,78.57,2025-07-31,Nichole Haney
ORD5536,CUST0098,Smart Watch,Tech,5,93.69,468.45,2025-07-31,Nichole Haney
ORD5537,CUST0107,Smart Watch,Tech,4,93.69,374.76,2025-07-31,Nathaniel Park
ORD5538,CUST0077,Notebook,Lifestyle,4,164.12,656.48,2025-07-31,Nathaniel Park
ORD5539,CUST0138,Smart Watch,Tech,4,93.69,374.76,2025-07-31,Joan Wilson
ORD5540,CUST0058,VR Headset,Tech,3,22.42,67.26,2025-07-31,Nathaniel Park
ORD5541,CUST0119,Backpack,Lifestyle,1,57.16,57.16,2025-07-31,Sarah Williams
ORD5542,CUST0106,Vitamins,Wellness,4,111.49,445.96,2025-07-31,Sarah Williams
ORD5543,CUST0136,Sunglasses,Lifestyle,2,160.24,320.48,2025-07-31,Kelsey Ortiz
ORD5544,CUST0063,Bluetooth Speaker,Tech,3,12.33,36.99,2025-07-31,Joan Wilson
ORD5545,CUST0085,Bluetooth Speaker,Tech,1,12.33,12.33,2025-07-31,Angela Davis
ORD5546,CUST0095,Vitamins,Wellness,1,111.49,111.49,2025-07-31,Sarah Williams
ORD5547,CUST0049,Bluetooth Speaker,Tech,1,12.33,12.33,2025-07-31,Gwendolyn Mcdonald
ORD5548,CUST0097,VR Headset,Tech,5,22.42,112.1,2025-07-31,Angela Petersen
ORD5549,CUST0011,Notebook,Lifestyle,1,164.12,164.12,2025-07-31,Joan Wilson
ORD5550,CUST0144,Vitamins,Wellness,2,111.49,222.98,2025-07-31,Angela Davis
ORD5551,CUST0054,VR Headset,Tech,3,22.42,67.26,2025-07-31,Gwendolyn Mcdonald
ORD5552,CUST0004,VR Headset,Tech,2,22.42,44.84,2025-07-31,Joan Wilson
ORD5553,CUST0031,Sunglasses,Lifestyle,4,160.24,640.96,2025-07-31,Joan Wilson
ORD5554,CUST0053,VR Headset,Tech,4,22.42,89.68,2025-07-31,Joan Wilson
ORD5555,CUST0142,Wireless Charger,Tech,3,57.97,173.91,2025-07-31,Gwendolyn Mcdonald
ORD5556,CUST0098,Backpack,Lifestyle,4,57.16,228.64,2025-07-31,Sarah Williams
ORD5557,CUST0092,Wireless Charger,Tech,3,57.97,173.91,2025-07-31,Gwendolyn Mcdonald
ORD5558,CUST0093,Wireless Charger,Tech,5,57.97,289.85,2025-07-31,Angela Davis
ORD5559,CUST0120,Vitamins,Wellness,1,111.49,111.49,2025-07-31,Angela Davis
ORD5560,CUST0082,Water Bottle,Lifestyle,2,129.59,259.18,2025-07-31,Nichole Haney
ORD5561,CUST0081,Backpack,Lifestyle,4,57.16,228.64,2025-07-31,Rachel Garcia
ORD5562,CUST0145,Wireless Charger,Tech,2,57.97,115.94,2025-07-31,Nathaniel Park
ORD5563,CUST0005,Vitamins,Wellness,3,111.49,334.47,2025-07-31,Sarah Williams
ORD5564,CUST0150,Wireless Charger,Tech,5,57.97,289.85,2025-07-31,Kelsey Ortiz
ORD5565,CUST0076,Backpack,Lifestyle,2,57.16,114.32,2025-07-31,Joan Wilson
ORD5566,CUST0085,Vitamins,Wellness,2,111.49,222.98,2025-07-31,Kelsey Ortiz
ORD5567,CUST0146,VR Headset,Tech,2,22.42,44.84,2025-07-31,Angela Davis
ORD5568,CUST0141,Smart Watch,Tech,3,93.69,281.07,2025-07-31,Gwendolyn Mcdonald
ORD5569,CUST0126,Smart Watch,Tech,4,93.69,374.76,2025-07-31,Angela Davis
ORD5570,CUST0044,Backpack,Lifestyle,3,57.16,171.48,2025-07-31,Nathaniel Park
ORD5571,CUST0036,Protein Powder,Wellness,5,20.36,101.8,2025-07-31,Angela Davis
ORD5572,CUST0048,Vitamins,Wellness,5,111.49,557.45,2025-07-31,Rachel Garcia
ORD5573,CUST0135,Protein Powder,Wellness,1,20.36,20.36,2025-07-31,Cody Jones
ORD5574,CUST0013,Bluetooth Speaker,Tech,1,12.33,12.33,2025-07-31,Kelsey Ortiz
ORD5575,CUST0036,Vitamins,Wellness,2,111.49,222.98,2025-07-31,Cody Jones
ORD5576,CUST0039,Notebook,Lifestyle,1,164.12,164.12,2025-07-31,Joan Wilson
ORD5577,CUST0130,Yoga Mat,Wellness,4,78.57,314.28,2025-07-31,Nichole Haney
ORD5578,CUST0016,Wireless Charger,Tech,5,57.97,289.85,2025-07-31,Angela Petersen
ORD5579,CUST0124,Sunglasses,Lifestyle,4,160.24,640.96,2025-07-31,Rachel Garcia
ORD5580,CUST0002,VR Headset,Tech,5,22.42,112.1,2025-07-31,Sarah Williams
ORD5581,CUST0106,Bluetooth Speaker,Tech,1,12.33,12.33,2025-07-31,Rachel Garcia
ORD5582,CUST0136,VR Headset,Tech,3,22.42,67.26,2025-07-31,Sarah Williams
ORD5583,CUST0074,Backpack,Lifestyle,1,57.16,57.16,2025-07-31,Sarah Williams
ORD5584,CUST0111,VR Headset,Tech,2,22.42,44.84,2025-07-31,Cody Jones
ORD5585,CUST0025,Massage Gun,Wellness,5,33.99,169.95,2025-07-31,Nathaniel Park
ORD5586,CUST0062,Yoga Mat,Wellness,2,78.57,157.14,2025-07-31,Angela Petersen
ORD5587,CUST0135,Sunglasses,Lifestyle,3,160.24,480.72,2025-07-31,Nichole Haney
ORD5588,CUST0069,Smart Watch,Tech,4,93.69,374.76,2025-07-31,Cody Jones
ORD5589,CUST0096,Massage Gun,Wellness,4,33.99,135.96,2025-07-31,Angela Davis
ORD5590,CUST0145,Yoga Mat,Wellness,2,78.57,157.14,2025-07-31,Joan Wilson
ORD5591,CUST0077,Yoga Mat,Wellness,1,78.57,78.57,2025-07-31,Rachel Garcia
ORD5592,CUST0024,Water Bottle,Lifestyle,4,129.59,518.36,2025-07-31,Kelsey Ortiz
ORD5593,CUST0097,Bluetooth Speaker,Tech,5,12.33,61.65,2025-07-31,Angela Davis
ORD5594,CUST0015,Water Bottle,Lifestyle,1,129.59,129.59,2025-07-31,Nathaniel Park
ORD5595,CUST0022,Sunglasses,Lifestyle,4,160.24,640.96,2025-07-31,Kelsey Ortiz
ORD5596,CUST0085,Vitamins,Wellness,5,111.49,557.45,2025-07-31,Cody Jones
ORD5597,CUST0136,Wireless Charger,Tech,1,57.97,57.97,2025-07-31,Joan Wilson
ORD5598,CUST0055,Yoga Mat,Wellness,5,78.57,392.85,2025-07-31,Angela Davis
ORD5599,CUST0070,Vitamins,Wellness,1,111.49,111.49,2025-07-31,Cody Jones
