Product ID,Product Name,Category,Unit Price,In Stock,Rating
P1000,Yoga Mat,Wellness,78.57,174,3.0
P1001,Vitamins,Wellness,111.49,160,3.1
P1002,Protein Powder,Wellness,20.36,169,4.4
P1003,Massage Gun,Wellness,33.99,271,3.2
P1004,Bluetooth Speaker,Tech,12.33,165,3.9
P1005,Smart Watch,Tech,93.69,114,4.9
P1006,Wireless Charger,Tech,57.97,264,3.2
P1007,VR Headset,Tech,22.42,271,3.1
P1008,Water Bottle,Lifestyle,129.59,47,3.3
P1009,Notebook,Lifestyle,164.12,175,3.2
P1010,Backpack,Lifestyle,57.16,233,4.2
P1011,Sunglasses,Lifestyle,160.24,135,4.6
